{
  "timezone": "America/Sao_Paulo",
  "days_ahead": 7,
  "form_window": 5,
  "goals_window": 5,
  "leagues": [
    { "search": "Baiano", "country": "Brazil", "type": "league" },
    { "search": "Cearense", "country": "Brazil", "type": "league" },
    { "search": "Pernambucano", "country": "Brazil", "type": "league" },
    { "search": "Paulista", "country": "Brazil", "type": "league" },
    { "search": "Carioca", "country": "Brazil", "type": "league" },
    { "search": "Mineiro", "country": "Brazil", "type": "league" },
    { "search": "Gaucho", "country": "Brazil", "type": "league" },

    { "search": "Serie A", "country": "Brazil", "type": "league" },
    { "search": "Serie B", "country": "Brazil", "type": "league" },
    { "search": "Copa do Brasil", "country": "Brazil", "type": "cup" },

    { "search": "Premier League", "country": "England", "type": "league" },
    { "search": "La Liga", "country": "Spain", "type": "league" },
    { "search": "Serie A", "country": "Italy", "type": "league" },
    { "search": "Bundesliga", "country": "Germany", "type": "league" },
    { "search": "Ligue 1", "country": "France", "type": "league" },

    { "search": "UEFA Champions League", "country": "", "type": "cup" },
    { "search": "UEFA Europa League", "country": "", "type": "cup" },
    { "search": "UEFA Europa Conference League", "country": "", "type": "cup" }
  ]
}
