{
  "generated_at_utc": "2026-02-02T11:46:53Z",
  "week_scope": "7d",
  "items": [
    {
      "country": "Italy",
      "competition": "Serie A",
      "home": "Udinese",
      "away": "AS Roma",
      "kickoff_utc": "2026-02-02T19:45:00Z",
      "risk": "low",
      "suggestion_free": "Under 3.5",
      "result": "pending",
      "home_id": 494,
      "away_id": 497,
      "competition_id": 135,
      "fixture_id": 1378093,
      "home_logo": "https://media.api-sports.io/football/teams/494.png",
      "away_logo": "https://media.api-sports.io/football/teams/497.png",
      "competition_logo": "https://media.api-sports.io/football/leagues/135.png"
    },
    {
      "country": "England",
      "competition": "Premier League",
      "home": "Sunderland",
      "away": "Burnley",
      "kickoff_utc": "2026-02-02T20:00:00Z",
      "risk": "low",
      "suggestion_free": "Over 1.5",
      "result": "pending",
      "home_id": 746,
      "away_id": 44,
      "competition_id": 39,
      "fixture_id": 1379206,
      "home_logo": "https://media.api-sports.io/football/teams/746.png",
      "away_logo": "https://media.api-sports.io/football/teams/44.png",
      "competition_logo": "https://media.api-sports.io/football/leagues/39.png"
    },
    {
      "country": "Spain",
      "competition": "La Liga",
      "home": "Mallorca",
      "away": "Sevilla",
      "kickoff_utc": "2026-02-02T20:00:00Z",
      "risk": "low",
      "suggestion_free": "Over 1.5",
      "result": "pending",
      "home_id": 798,
      "away_id": 536,
      "competition_id": 140,
      "fixture_id": 1391035,
      "home_logo": "https://media.api-sports.io/football/teams/798.png",
      "away_logo": "https://media.api-sports.io/football/teams/536.png",
      "competition_logo": "https://media.api-sports.io/football/leagues/140.png"
    },
    {
      "country": "Italy",
      "competition": "Serie A",
      "home": "Bologna",
      "away": "AC Milan",
      "kickoff_utc": "2026-02-03T19:45:00Z",
      "risk": "low",
      "suggestion_free": "Over 1.5",
      "result": "pending",
      "home_id": 500,
      "away_id": 489,
      "competition_id": 135,
      "fixture_id": 1378084,
      "home_logo": "https://media.api-sports.io/football/teams/500.png",
      "away_logo": "https://media.api-sports.io/football/teams/489.png",
      "competition_logo": "https://media.api-sports.io/football/leagues/135.png"
    },
    {
      "country": "Brazil",
      "competition": "Serie A",
      "home": "RB Bragantino",
      "away": "Atletico-MG",
      "kickoff_utc": "2026-02-04T22:00:00Z",
      "risk": "low",
      "suggestion_free": "Under 3.5",
      "result": "pending",
      "home_id": 794,
      "away_id": 1062,
      "competition_id": 71,
      "fixture_id": 1492122,
      "home_logo": "https://media.api-sports.io/football/teams/794.png",
      "away_logo": "https://media.api-sports.io/football/teams/1062.png",
      "competition_logo": "https://media.api-sports.io/football/leagues/71.png"
    },
    {
      "country": "Brazil",
      "competition": "Serie A",
      "home": "Flamengo",
      "away": "Internacional",
      "kickoff_utc": "2026-02-04T22:00:00Z",
      "risk": "low",
      "suggestion_free": "Under 3.5",
      "result": "pending",
      "home_id": 127,
      "away_id": 119,
      "competition_id": 71,
      "fixture_id": 1492124,
      "home_logo": "https://media.api-sports.io/football/teams/127.png",
      "away_logo": "https://media.api-sports.io/football/teams/119.png",
      "competition_logo": "https://media.api-sports.io/football/leagues/71.png"
    },
    {
      "country": "Brazil",
      "competition": "Serie A",
      "home": "Remo",
      "away": "Mirassol",
      "kickoff_utc": "2026-02-04T23:00:00Z",
      "risk": "low",
      "suggestion_free": "Under 3.5",
      "result": "pending",
      "home_id": 1198,
      "away_id": 7848,
      "competition_id": 71,
      "fixture_id": 1492127,
      "home_logo": "https://media.api-sports.io/football/teams/1198.png",
      "away_logo": "https://media.api-sports.io/football/teams/7848.png",
      "competition_logo": "https://media.api-sports.io/football/leagues/71.png"
    },
    {
      "country": "Germany",
      "competition": "Bundesliga",
      "home": "Union Berlin",
      "away": "Eintracht Frankfurt",
      "kickoff_utc": "2026-02-06T19:30:00Z",
      "risk": "low",
      "suggestion_free": "Over 1.5",
      "result": "pending",
      "home_id": 182,
      "away_id": 169,
      "competition_id": 78,
      "fixture_id": 1388495,
      "home_logo": "https://media.api-sports.io/football/teams/182.png",
      "away_logo": "https://media.api-sports.io/football/teams/169.png",
      "competition_logo": "https://media.api-sports.io/football/leagues/78.png"
    },
    {
      "country": "Italy",
      "competition": "Serie A",
      "home": "Verona",
      "away": "Pisa",
      "kickoff_utc": "2026-02-06T19:45:00Z",
      "risk": "low",
      "suggestion_free": "Over 1.5",
      "result": "pending",
      "home_id": 504,
      "away_id": 801,
      "competition_id": 135,
      "fixture_id": 1378103,
      "home_logo": "https://media.api-sports.io/football/teams/504.png",
      "away_logo": "https://media.api-sports.io/football/teams/801.png",
      "competition_logo": "https://media.api-sports.io/football/leagues/135.png"
    },
    {
      "country": "France",
      "competition": "Ligue 1",
      "home": "Metz",
      "away": "Lille",
      "kickoff_utc": "2026-02-06T19:45:00Z",
      "risk": "low",
      "suggestion_free": "Over 1.5",
      "result": "pending",
      "home_id": 112,
      "away_id": 79,
      "competition_id": 61,
      "fixture_id": 1387883,
      "home_logo": "https://media.api-sports.io/football/teams/112.png",
      "away_logo": "https://media.api-sports.io/football/teams/79.png",
      "competition_logo": "https://media.api-sports.io/football/leagues/61.png"
    }
  ]
}