{
  "top3": [
    {
      "tag": "Mais claro",
      "title": "Aston Villa x Salzburg",
      "market": "Aston Villa vence",
      "odd": 1.40,
      "prob": 72,
      "ev": "+0.8%",
      "risk": "baixo"
    },
    {
      "tag": "Valor",
      "title": "Real Betis x Feyenoord",
      "market": "Betis DNB (empate devolve)",
      "odd": 1.55,
      "prob": 66,
      "ev": "+2.3%",
      "risk": "médio"
    },
    {
      "tag": "Alternativa",
      "title": "Lille x Freiburg",
      "market": "Under 3.5 gols",
      "odd": 1.62,
      "prob": 65,
      "ev": "+5.3%",
      "risk": "médio"
    }
  ],
  "calendar": [
    {
      "date": "2026-01-29",
      "league": "BRASIL: Brasileirão",
      "matches": [
        { "time": "20:00", "home": "Mirassol", "away": "Vasco", "suggestion": "Under 3.5 gols • Odd 1.55 • EV +2.1%" },
        { "time": "21:30", "home": "Botafogo", "away": "Cruzeiro", "suggestion": "Botafogo DNB • Odd 1.62 • EV +1.4%" }
      ]
    },
    {
      "date": "2026-01-29",
      "league": "EUROPA: Liga Europa",
      "matches": [
        { "time": "17:00", "home": "Aston Villa", "away": "RB Salzburg", "suggestion": "Aston Villa vence • Odd 1.40 • EV +0.8%" },
        { "time": "17:00", "home": "Real Betis", "away": "Feyenoord", "suggestion": "Betis DNB • Odd 1.55 • EV +2.3%" },
        { "time": "17:00", "home": "Celtic", "away": "Utrecht", "suggestion": "Over 1.5 gols • Odd 1.50 • EV +1.0%" }
      ]
    }
  ]
}
