{
  "timezone": "America/Sao_Paulo",
  "days_ahead": 7,
  "last_n": 5,
  "leagues": [
    { "auto": "brazil_state_championships", "season_rule": "calendar_year" },

    { "search": "Serie A", "country": "Brazil", "type": "league", "season_rule": "calendar_year" },
    { "search": "Serie B", "country": "Brazil", "type": "league", "season_rule": "calendar_year" },
    { "search": "Copa do Brasil", "country": "Brazil", "type": "cup", "season_rule": "calendar_year" },

    { "search": "Premier League", "country": "England", "type": "league", "season_rule": "europe_split" },
    { "search": "La Liga", "country": "Spain", "type": "league", "season_rule": "europe_split" },
    { "search": "Serie A", "country": "Italy", "type": "league", "season_rule": "europe_split" },
    { "search": "Bundesliga", "country": "Germany", "type": "league", "season_rule": "europe_split" },
    { "search": "Ligue 1", "country": "France", "type": "league", "season_rule": "europe_split" },

    { "search": "UEFA Champions League", "country": "", "type": "cup", "season_rule": "europe_split" },
    { "search": "UEFA Europa League", "country": "", "type": "cup", "season_rule": "europe_split" },
    { "search": "UEFA Europa Conference League", "country": "", "type": "cup", "season_rule": "europe_split" }
  ]
}
